id,question,réponse,catégorie,lien_utile
1,"Comment créer une annonce ?","1. Allez dans **‘Mes biens’ > ‘Nouveau bien’**. 2. Remplissez les champs (adresse, surface, photos, etc.). 3. Validez : votre annonce est en ligne sous 24h après vérification.","Création annonce,
2,"Quels documents sont obligatoires pour vendre ?","Pour publier une annonce : **aucune obligation**. Pour finaliser la vente : **DPE (Diagnostic de Performance Énergétique)**, état des risques (ERP), et diagnostic électrique/gaz si applicable.","Documents,https://www.service-public.fr/particuliers/vosdroits/F1735
3,"Combien coûte votre service pour les vendeurs ?","Notre commission est de **1,5%** du prix de vente final (contre 7-20% en agence). Exemple : pour une vente à 300 000 €, vous payez **4 500 €** (au lieu de 21 000 € en agence).","Tarifs,
4,"Comment fixer le prix de mon bien ?","Utilisez notre **outil d’estimation automatique** (basé sur les données des Notaires et les ventes récentes dans votre quartier). Vous pouvez aussi demander une estimation gratuite à un expert partenaire.","Estimation,https://immo2000.fr/estimation
5,"Puis-je refuser une offre ?","Oui, vous êtes libre d’accepter ou de refuser toute offre. Notre plateforme vous permet de **comparer les offres** (prix, conditions, délais) pour prendre une décision éclairée.","Offres,
6,"Comment gérer les visites ?","Les acheteurs réservent un créneau via votre **calendrier en ligne**. Vous recevez une notification par email/SMS avec leurs coordonnées. Vous pouvez accepter, refuser ou proposer un autre horaire.","Visites,
7,"Que se passe-t-il si je reçois plusieurs offres ?","Notre outil vous permet de **classer les offres** par prix, délai, et conditions. Vous pouvez accepter une offre, en refuser d’autres, ou lancer une **contre-proposition** à tous les acheteurs.","Négociation,
8,"Comment est sécurisé le paiement ?","Le paiement est géré par le **notaire** (comme en agence). Nous ne touchons **jamais** à l’argent : le notaire transfère les fonds sur votre compte après la signature définitive.","Paiement,
9,"Puis-je retirer mon bien de la vente ?","Oui, à tout moment **avant la signature du compromis**. Après, des pénalités peuvent s’appliquer (selon les conditions négociées avec l’acheteur).","Retrait,
10,"Comment fonctionne la signature électronique ?","Notre partenaire **Yousign** (certifié eIDAS) permet de signer le compromis en ligne. La signature a la même valeur légale qu’une signature manuscrite.","Signature,https://www.yousign.com/fr
