Timestamp,User Count,Type,Name,Requests/s,Failures/s,50%,66%,75%,80%,90%,95%,98%,99%,99.9%,99.99%,100%,Total Request Count,Total Failure Count,Total Median Response Time,Total Average Response Time,Total Min Response Time,Total Max Response Time,Total Average Content Size
1780907032,0,,Aggregated,0.000000,0.000000,N/A,N/A,N/A,N/A,N/A,N/A,N/A,N/A,N/A,N/A,N/A,0,0,0,0.0,0,0,0
1780907033,2,,Aggregated,0.000000,0.000000,17,17,17,17,17,17,17,17,17,17,17,2,2,13,15.112297500309069,12.799485999494209,17.42510900112393,27.0
1780907034,4,,Aggregated,0.000000,0.000000,17,18,18,21,21,21,21,21,21,21,21,5,4,17,14.373335799973574,3.4392509987810627,20.63646799979324,42.2
1780907035,6,,Aggregated,2.000000,2.000000,13,13,17,18,21,21,21,21,21,21,21,10,7,12,11.495135400036816,3.4392509987810627,20.63646799979324,49.8
1780907036,8,,Aggregated,2.000000,2.000000,12,13,17,17,18,21,21,21,21,21,21,12,8,12,11.433017166685508,3.4392509987810627,20.63646799979324,52.333333333333336
1780907039,10,,Aggregated,2.666667,2.000000,10,12,13,13,18,21,21,21,21,21,21,19,14,10,10.176897736911135,3.4392509987810627,20.63646799979324,53.63157894736842
1780907040,10,,Aggregated,3.166667,2.333333,10,12,13,13,17,18,21,21,21,21,21,22,16,8,9.7577652273189,3.061023999180179,20.63646799979324,53.45454545454545
1780907041,10,,Aggregated,2.714286,2.000000,8,12,13,13,17,18,21,21,21,21,21,27,18,8,9.059576333365166,3.061023999180179,20.63646799979324,57.0
1780907042,10,,Aggregated,2.625000,1.875000,9,12,13,13,17,18,21,21,21,21,21,30,21,8,9.14914253335155,3.061023999180179,20.63646799979324,54.0
1780907043,10,,Aggregated,2.888889,2.000000,9,12,12,13,14,18,21,21,21,21,21,34,22,8,8.870046205950477,3.061023999180179,20.63646799979324,57.529411764705884
1780907044,10,,Aggregated,2.800000,1.900000,7,10,12,13,14,18,21,21,21,21,21,37,25,7,8.460993567643674,3.061023999180179,20.63646799979324,58.45945945945946
1780907045,10,,Aggregated,2.800000,1.900000,8,10,12,13,14,17,21,21,21,21,21,42,28,7,8.571145285800629,3.061023999180179,20.63646799979324,61.333333333333336
1780907046,10,,Aggregated,3.000000,1.900000,7,10,12,13,14,17,21,21,21,21,21,45,29,7,8.278038822269687,3.061023999180179,20.63646799979324,65.22222222222223
1780907047,10,,Aggregated,3.100000,2.100000,7,10,12,13,15,18,27,27,27,27,27,48,31,7,8.491364645882035,3.061023999180179,26.601552999636624,64.41666666666667
1780907048,10,,Aggregated,3.200000,2.100000,6,10,12,13,15,18,21,27,27,27,27,55,34,6,8.337354072765182,3.061023999180179,26.601552999636624,65.18181818181819
1780907049,10,,Aggregated,3.000000,1.800000,6,10,12,13,15,18,21,27,27,27,27,58,37,6,8.176211896609637,3.061023999180179,26.601552999636624,65.37931034482759
1780907050,10,,Aggregated,3.000000,1.800000,6,9,12,13,15,18,21,27,27,27,27,59,37,6,8.108732339062074,3.061023999180179,26.601552999636624,66.01694915254237
1780907051,10,,Aggregated,3.600000,2.000000,6,9,12,12,14,17,21,27,27,27,27,63,39,6,7.946298809613273,3.061023999180179,26.601552999636624,65.95238095238095
1780907052,10,,Aggregated,3.800000,2.200000,6,9,11,12,14,17,21,27,27,27,27,69,43,6,7.716544203002991,2.787833000184037,26.601552999636624,64.76811594202898
1780907053,10,,Aggregated,3.600000,2.100000,6,9,11,12,14,17,21,27,27,27,27,73,45,6,7.67628008226943,2.787833000184037,26.601552999636624,64.78082191780823
1780907054,10,,Aggregated,3.900000,2.200000,6,8,10,12,14,17,21,27,27,27,27,77,48,6,7.513196779288958,2.787833000184037,26.601552999636624,63.8051948051948
1780907050,10,,Aggregated,3.000000,1.800000,6,9,10,11,13,17,21,27,27,27,27,81,49,6,7.511433358076043,2.776858998913667,26.601552999636624,64.80246913580247
1780907051,10,,Aggregated,3.300000,1.900000,6,9,10,11,13,17,21,27,27,27,27,86,53,6,7.540004290730881,2.776858998913667,26.601552999636624,64.95348837209302
1780907052,10,,Aggregated,3.600000,2.000000,6,9,11,11,14,17,21,27,27,27,27,91,56,6,7.615582901133086,2.776858998913667,26.601552999636624,67.3076923076923
1780907053,10,,Aggregated,4.200000,2.300000,6,9,10,11,14,17,21,27,27,27,27,94,57,6,7.526696989403486,2.776858998913667,26.601552999636624,67.63829787234043
1780907054,10,,Aggregated,4.500000,2.600000,6,8,10,11,14,17,21,27,27,27,27,99,60,6,7.353337767713725,2.776858998913667,26.601552999636624,67.12121212121212
1780907055,10,,Aggregated,5.800000,3.200000,6,8,10,11,13,17,18,21,27,27,27,101,60,6,7.274060544587694,2.726941998844268,26.601552999636624,67.83168316831683
1780907056,10,,Aggregated,5.800000,3.200000,6,8,10,11,13,17,18,21,27,27,27,107,66,6,7.249085233669465,2.726941998844268,26.601552999636624,66.7196261682243
1780907057,10,,Aggregated,6.200000,3.600000,6,8,10,11,13,17,18,21,27,27,27,113,69,6,7.262543008863783,2.51947300057509,26.601552999636624,67.7433628318584
1780907058,10,,Aggregated,6.100000,3.300000,6,8,10,11,13,17,18,21,27,27,27,114,70,6,7.2258996754642695,2.51947300057509,26.601552999636624,67.3859649122807
1780907059,10,,Aggregated,6.600000,3.900000,6,7,10,11,13,17,18,21,27,27,27,120,75,6,7.090359716691334,2.51947300057509,26.601552999636624,66.0
1780907060,10,,Aggregated,6.200000,3.700000,6,7,9,10,13,15,18,21,27,27,27,125,78,6,7.045340072028921,2.51947300057509,26.601552999636624,65.656
1780907061,10,,Aggregated,6.100000,3.700000,5,7,9,10,13,15,18,21,27,27,27,129,81,5,6.976904449656167,2.51947300057509,26.601552999636624,67.97674418604652
1780907062,10,,Aggregated,5.700000,3.700000,5,7,9,10,13,15,18,21,27,27,27,130,82,5,6.946834607725368,2.51947300057509,26.601552999636624,67.66153846153846
1780907063,10,,Aggregated,5.400000,3.400000,6,8,9,10,13,15,18,21,27,27,27,134,84,5,6.9940850448191085,2.51947300057509,26.601552999636624,67.58208955223881
1780907065,10,,Aggregated,2.400000,1.700000,6,8,9,10,13,17,21,27,61,61,61,138,87,5,7.343003318886116,2.51947300057509,61.23873599972285,66.95652173913044
1780907066,10,,Aggregated,3.700000,2.500000,5,8,9,10,13,15,21,27,61,61,61,144,91,5,7.30148727783823,2.51947300057509,61.23873599972285,67.22222222222223
1780907067,10,,Aggregated,3.700000,2.500000,5,8,9,10,13,15,21,27,61,61,61,145,91,5,7.27028848282473,2.51947300057509,61.23873599972285,67.46896551724137
1780907068,10,,Aggregated,3.200000,2.100000,5,8,9,11,13,15,21,27,61,61,61,150,94,5,7.28104212674225,2.51947300057509,61.23873599972285,67.13333333333334
1780907069,10,,Aggregated,3.200000,2.100000,5,8,9,11,13,16,18,27,61,61,61,155,98,5,7.2745774516900585,2.51947300057509,61.23873599972285,66.32903225806452
1780907070,10,,Aggregated,3.400000,2.300000,5,8,9,10,13,16,18,27,61,61,61,157,99,5,7.269009407722316,2.51947300057509,61.23873599972285,66.31210191082802
1780907071,10,,Aggregated,3.800000,2.600000,5,8,9,10,13,15,18,27,61,61,61,162,102,5,7.235237475380231,2.51947300057509,61.23873599972285,66.03703703703704
1780907072,10,,Aggregated,3.600000,2.400000,5,8,9,10,13,15,18,27,61,61,61,168,106,5,7.182346375050959,2.51947300057509,61.23873599972285,65.54761904761905
1780907073,10,,Aggregated,3.600000,2.400000,5,8,9,10,13,15,18,27,61,61,61,171,107,5,7.151447649182594,2.51947300057509,61.23873599972285,65.76023391812865
1780907074,10,,Aggregated,3.500000,2.200000,5,8,9,10,13,15,18,27,61,61,61,175,110,5,7.163849680062932,2.51947300057509,61.23873599972285,65.30857142857143
1780907075,10,,Aggregated,3.900000,2.400000,5,8,9,10,13,15,18,27,61,61,61,177,111,5,7.176838853174662,2.51947300057509,61.23873599972285,65.30508474576271
1780907076,10,,Aggregated,4.000000,2.500000,5,8,9,10,13,16,18,27,61,61,61,183,115,5,7.244586153061252,2.51947300057509,61.23873599972285,66.2568306010929
1780907077,10,,Aggregated,3.900000,2.500000,5,8,9,10,13,16,18,27,61,61,61,187,116,5,7.204186048185612,2.51947300057509,61.23873599972285,66.63636363636364
1780907078,10,,Aggregated,4.300000,2.700000,5,8,9,10,13,16,18,27,61,61,61,191,119,5,7.227370277540017,2.51947300057509,61.23873599972285,66.20418848167539
1780907079,10,,Aggregated,4.100000,2.500000,5,8,9,10,13,16,18,27,61,61,61,193,120,5,7.204996637356183,2.51947300057509,61.23873599972285,66.19170984455958
1780907080,10,,Aggregated,4.100000,2.500000,6,8,9,10,13,16,18,27,61,61,61,199,124,6,7.2447625930158095,2.108257000145386,61.23873599972285,66.4070351758794
1780907081,10,,Aggregated,3.700000,2.200000,6,8,9,10,13,16,18,21,61,61,61,202,125,6,7.209016554502296,2.108257000145386,61.23873599972285,66.57425742574257
1780907082,10,,Aggregated,4.000000,2.300000,6,8,9,10,13,16,18,21,61,61,61,205,127,6,7.190307200041233,2.108257000145386,61.23873599972285,66.36585365853658
1780907083,10,,Aggregated,3.900000,2.300000,5,8,9,10,13,16,18,21,61,61,61,211,129,5,7.113073341281129,2.108257000145386,61.23873599972285,67.28436018957346
1780907084,10,,Aggregated,3.900000,2.300000,6,8,9,10,13,16,18,21,61,61,61,214,130,5,7.129297182294739,2.108257000145386,61.23873599972285,67.42990654205607
1780907085,10,,Aggregated,3.800000,2.100000,6,8,9,10,13,16,18,21,61,61,61,217,132,6,7.15295065442388,2.108257000145386,61.23873599972285,67.80184331797236
1780907086,10,,Aggregated,3.700000,2.000000,5,8,9,10,13,16,18,21,61,61,61,222,135,5,7.090928662217118,2.108257000145386,61.23873599972285,67.56756756756756
1780907087,10,,Aggregated,4.000000,2.000000,5,8,9,10,13,16,18,21,61,61,61,227,136,5,7.05188216303646,2.108257000145386,61.23873599972285,68.01321585903084
1780907088,10,,Aggregated,3.800000,2.000000,5,8,9,10,13,16,18,21,61,61,61,231,139,5,7.111767393991251,2.108257000145386,61.23873599972285,67.63203463203463
1780907089,10,,Aggregated,4.000000,2.100000,5,8,9,10,13,16,18,21,61,61,61,235,143,5,7.126868795797023,2.108257000145386,61.23873599972285,66.9404255319149
1780907090,10,,Aggregated,3.900000,1.800000,5,8,9,10,13,16,18,21,61,61,61,240,146,5,7.097361925040484,2.108257000145386,61.23873599972285,66.74166666666666
1780907091,10,,Aggregated,4.200000,2.200000,5,8,9,10,13,16,18,21,61,61,61,242,148,5,7.070838632267428,2.108257000145386,61.23873599972285,66.41322314049587
1780907092,10,,Aggregated,4.100000,2.300000,5,8,9,10,13,16,18,21,61,61,61,245,151,5,7.050132171467079,2.108257000145386,61.23873599972285,66.44489795918368
1780907093,10,,Aggregated,4.100000,2.200000,5,8,9,10,13,16,18,21,61,61,61,248,152,5,7.078998427459737,2.108257000145386,61.23873599972285,66.58064516129032
1780907094,10,,Aggregated,4.100000,2.400000,5,8,9,10,13,16,18,21,61,61,61,255,156,5,7.03984116083245,2.108257000145386,61.23873599972285,66.88235294117646
1780907095,10,,Aggregated,4.000000,2.400000,5,7,9,10,13,16,18,21,61,61,61,258,158,5,7.01541795740556,2.108257000145386,61.23873599972285,66.71317829457364
1780907096,10,,Aggregated,4.000000,2.400000,5,7,9,10,13,16,18,21,61,61,61,261,160,5,7.025762107321958,2.108257000145386,61.23873599972285,66.5478927203065
1780907097,10,,Aggregated,4.100000,2.700000,5,7,9,10,13,16,18,21,61,61,61,265,163,5,7.046844528338385,2.108257000145386,61.23873599972285,66.2377358490566
1780907098,10,,Aggregated,3.800000,2.400000,5,7,9,10,13,16,18,21,61,61,61,267,163,5,7.0194155917950285,2.108257000145386,61.23873599972285,66.51310861423221
1780907099,10,,Aggregated,3.700000,2.500000,5,7,9,10,13,16,18,21,61,61,61,273,168,5,6.997870216161569,2.108257000145386,61.23873599972285,65.92307692307692
1780907100,10,,Aggregated,3.700000,2.700000,5,8,9,10,13,16,18,21,61,61,61,276,169,5,7.0253559094545786,2.108257000145386,61.23873599972285,66.05072463768116
1780907101,10,,Aggregated,3.600000,2.400000,5,8,9,10,13,16,18,21,61,61,61,281,173,5,7.053935117465986,2.108257000145386,61.23873599972285,65.62633451957295
1780907102,10,,Aggregated,3.700000,2.300000,5,8,9,10,13,16,18,21,61,61,61,284,175,5,7.05958640143673,2.108257000145386,61.23873599972285,65.48591549295774
1780907103,10,,Aggregated,3.700000,2.300000,5,8,9,10,13,16,18,21,61,61,61,287,178,5,7.054354048809712,2.108257000145386,61.23873599972285,65.08362369337979
1780907104,10,,Aggregated,3.700000,2.300000,5,8,9,10,13,16,18,21,61,61,61,292,181,5,7.088071934958862,2.108257000145386,61.23873599972285,64.95205479452055
1780907105,10,,Aggregated,3.700000,2.400000,5,8,9,10,13,16,18,21,61,61,61,296,185,5,7.090961773668381,2.108257000145386,61.23873599972285,64.4391891891892
1780907106,10,,Aggregated,3.600000,2.500000,5,8,9,10,13,16,18,21,61,61,61,298,186,5,7.096540251694133,2.108257000145386,61.23873599972285,64.44295302013423
1780907107,10,,Aggregated,3.600000,2.400000,5,8,10,10,13,16,18,21,61,61,61,303,189,5,7.166365610582373,2.108257000145386,61.23873599972285,64.74257425742574
1780907108,10,,Aggregated,3.800000,2.700000,5,8,10,10,14,16,18,21,61,61,61,308,193,5,7.233418610407431,2.108257000145386,61.23873599972285,64.37662337662337
1780907109,10,,Aggregated,3.600000,2.500000,5,8,10,10,14,16,18,21,61,61,61,311,195,5,7.243789874612276,2.108257000145386,61.23873599972285,64.26045016077171
1780907110,10,,Aggregated,3.800000,2.600000,5,8,10,10,14,16,18,21,61,61,61,313,197,5,7.240512520779659,2.108257000145386,61.23873599972285,64.42492012779553
1780907111,10,,Aggregated,3.900000,2.800000,6,8,10,10,14,16,18,21,61,61,61,317,199,6,7.256317034720934,2.108257000145386,61.23873599972285,64.43217665615143
1780907112,10,,Aggregated,3.800000,2.800000,6,8,10,10,14,16,18,21,61,61,61,323,204,6,7.249349427271205,2.108257000145386,61.23873599972285,64.75232198142415
1780907113,10,,Aggregated,3.700000,2.800000,6,8,10,10,14,16,18,21,61,61,61,326,205,5,7.226044834375893,2.108257000145386,61.23873599972285,64.87116564417178
1780907114,10,,Aggregated,3.800000,2.800000,6,8,10,10,14,16,18,21,61,61,61,328,207,5,7.211114414653045,2.108257000145386,61.23873599972285,64.64024390243902
1780907115,10,,Aggregated,3.900000,2.900000,5,8,9,10,14,16,18,21,61,61,61,335,213,5,7.154658358238303,2.108257000145386,61.23873599972285,64.08059701492537
1780907116,10,,Aggregated,3.900000,2.700000,5,8,9,10,14,16,18,21,61,61,61,338,214,5,7.167143189383498,2.108257000145386,61.23873599972285,64.20118343195266
1780907117,10,,Aggregated,3.500000,2.500000,5,8,9,10,13,16,18,21,61,61,61,342,215,5,7.151076751499033,2.108257000145386,61.23873599972285,64.4327485380117
1780907118,10,,Aggregated,4.000000,2.800000,6,8,9,10,13,16,18,21,61,61,61,344,215,5,7.144695854686836,2.108257000145386,61.23873599972285,64.65697674418605
1780907119,10,,Aggregated,4.000000,2.800000,6,8,9,10,14,16,18,21,61,61,61,348,218,5,7.149539695442452,2.108257000145386,61.23873599972285,64.80459770114942
1780907120,10,,Aggregated,3.900000,2.600000,5,8,9,10,13,16,18,21,61,61,61,352,220,5,7.121397622194598,2.108257000145386,61.23873599972285,64.80681818181819
1780907121,10,,Aggregated,3.600000,2.200000,5,8,9,10,13,16,18,21,61,61,61,355,222,5,7.102773087361539,2.108257000145386,61.23873599972285,64.70140845070422
1780907122,10,,Aggregated,3.600000,2.200000,5,8,9,10,13,16,18,21,61,61,61,360,226,5,7.065843716706392,2.108257000145386,61.23873599972285,64.38888888888889
1780907123,10,,Aggregated,3.800000,2.200000,5,8,9,10,13,16,18,21,61,61,61,363,228,5,7.090980476623522,2.108257000145386,61.23873599972285,64.2892561983471
1780907124,10,,Aggregated,3.600000,2.100000,5,8,9,10,14,16,18,21,61,61,61,368,231,5,7.105616356012512,2.108257000145386,61.23873599972285,64.19565217391305
1780907125,10,,Aggregated,3.100000,1.700000,5,8,9,10,14,16,18,21,61,61,61,370,232,5,7.09129246219704,2.108257000145386,61.23873599972285,64.2
1780907126,10,,Aggregated,3.800000,2.300000,5,8,9,10,14,16,18,21,61,61,61,375,235,5,7.099179576034658,2.108257000145386,61.23873599972285,64.10933333333334
1780907127,10,,Aggregated,4.000000,2.400000,5,8,9,10,14,16,18,21,61,61,61,379,237,5,7.091852791594441,2.108257000145386,61.23873599972285,64.11873350923483
1780907128,10,,Aggregated,3.700000,2.000000,5,8,9,10,14,16,18,21,61,61,61,382,240,5,7.075114345586147,2.108257000145386,61.23873599972285,64.81675392670157
1780907129,10,,Aggregated,3.900000,2.100000,5,8,9,10,14,16,18,21,61,61,61,387,244,5,7.065670560761402,2.108257000145386,61.23873599972285,64.52454780361757
1780907130,10,,Aggregated,3.900000,2.100000,5,8,9,10,14,16,18,21,61,61,61,388,245,5,7.055758278389457,2.108257000145386,61.23873599972285,64.4278350515464
1780907131,10,,Aggregated,4.100000,2.700000,5,8,9,10,13,16,18,21,61,61,61,394,249,5,7.059037708154738,2.108257000145386,61.23873599972285,64.24365482233503
1780907132,10,,Aggregated,4.100000,2.700000,5,8,9,10,13,16,18,21,61,61,61,397,249,5,7.043764962249826,2.108257000145386,61.23873599972285,64.53652392947103
1780907133,10,,Aggregated,4.000000,2.700000,5,8,9,10,13,16,18,20,61,61,61,402,251,5,7.019944059743353,2.108257000145386,61.23873599972285,64.95024875621891
1780907134,10,,Aggregated,3.800000,2.700000,5,7,9,10,13,16,18,20,61,61,61,404,252,5,7.006856626278455,2.108257000145386,61.23873599972285,64.95049504950495
1780907135,10,,Aggregated,4.200000,2.500000,5,7,9,10,13,16,18,20,61,61,61,409,256,5,7.008587268990502,2.108257000145386,61.23873599972285,64.67237163814181
1780907136,10,,Aggregated,4.200000,2.500000,5,7,9,10,13,16,18,20,61,61,61,414,259,5,6.994979927580773,2.108257000145386,61.23873599972285,65.19323671497584
1780907137,10,,Aggregated,4.000000,2.400000,5,7,9,10,13,16,18,20,61,61,61,419,260,5,6.973602692171171,2.108257000145386,61.23873599972285,65.46300715990454
1780907138,10,,Aggregated,4.100000,2.600000,5,7,9,10,13,15,18,20,61,61,61,423,261,5,6.939504092243445,2.108257000145386,61.23873599972285,65.63829787234043
1780907139,10,,Aggregated,4.100000,2.600000,5,7,9,10,13,15,18,20,61,61,61,426,263,5,6.913482223054745,2.108257000145386,61.23873599972285,65.54460093896714
1780907140,10,,Aggregated,4.000000,2.400000,5,7,9,10,13,15,18,20,61,61,61,432,268,5,6.946743067180284,2.108257000145386,61.23873599972285,65.18518518518519
1780907141,10,,Aggregated,4.100000,2.100000,5,7,9,10,13,15,18,20,61,61,61,436,271,5,6.925764075735594,2.108257000145386,61.23873599972285,65.29816513761467
1780907142,10,,Aggregated,4.400000,2.300000,5,7,9,10,14,15,18,20,61,61,61,440,274,5,6.937046947768977,2.108257000145386,61.23873599972285,65.4090909090909
1780907143,10,,Aggregated,4.200000,2.200000,5,7,9,10,13,15,18,20,61,61,61,442,275,5,6.951283862032159,2.108257000145386,61.23873599972285,65.40723981900453
1780907144,10,,Aggregated,4.200000,2.400000,5,7,9,10,13,15,18,20,61,61,61,450,281,5,6.9160190311595215,2.108257000145386,61.23873599972285,65.06222222222222
1780907145,10,,Aggregated,4.200000,2.400000,5,7,9,10,13,15,18,20,61,61,61,450,281,5,6.9160190311595215,2.108257000145386,61.23873599972285,65.06222222222222
1780907146,10,,Aggregated,4.300000,2.600000,5,7,9,10,13,15,18,20,61,61,61,455,284,5,6.921021639613133,2.108257000145386,61.23873599972285,65.25494505494505
1780907147,10,,Aggregated,4.200000,2.600000,5,7,9,10,14,15,18,20,61,61,61,459,287,5,6.926497420530711,2.108257000145386,61.23873599972285,65.0871459694989
1780907148,10,,Aggregated,3.900000,2.500000,5,7,9,10,14,15,18,20,61,61,61,463,290,5,6.924353030288794,2.108257000145386,61.23873599972285,65.19438444924405
1780907149,10,,Aggregated,4.100000,2.700000,5,7,9,10,14,15,18,20,61,61,61,469,294,5,6.9137053198849365,2.108257000145386,61.23873599972285,65.02985074626865
1780907150,10,,Aggregated,4.000000,2.800000,5,7,9,10,13,15,18,20,61,61,61,471,295,5,6.924354609397467,2.108257000145386,61.23873599972285,65.02972399150742
1780907151,10,,Aggregated,4.200000,3.000000,5,7,9,10,13,15,18,20,61,61,61,475,299,5,6.919164183207996,2.108257000145386,61.23873599972285,64.70947368421052
1780907152,10,,Aggregated,3.700000,2.600000,5,7,9,10,14,15,18,20,61,61,61,480,301,5,6.950110856295548,2.108257000145386,61.23873599972285,64.79166666666667
1780907153,10,,Aggregated,4.100000,2.900000,5,7,9,10,13,15,18,20,61,61,61,484,304,5,6.941934993847099,2.108257000145386,61.23873599972285,64.63636363636364
1780907154,10,,Aggregated,4.100000,2.900000,5,7,9,10,13,15,18,20,61,61,61,488,305,5,6.928691053327966,2.108257000145386,61.23873599972285,64.79508196721312
1780907153,10,,Aggregated,4.100000,2.700000,5,7,9,10,13,15,18,20,61,61,61,491,306,5,6.934303796380601,2.108257000145386,61.23873599972285,64.87372708757637
1780907154,10,,Aggregated,4.100000,2.900000,5,7,9,10,14,15,18,20,61,61,61,496,309,5,6.956259119001809,2.108257000145386,61.23873599972285,64.79838709677419
1780907155,10,,Aggregated,3.800000,2.800000,5,7,9,10,14,15,18,20,61,61,61,501,311,5,6.9493672395663655,2.108257000145386,61.23873599972285,64.87624750499002
1780907156,10,,Aggregated,4.200000,3.000000,5,7,9,10,14,15,18,20,61,61,61,504,313,5,6.957217654803211,2.108257000145386,61.23873599972285,65.0515873015873
1780907157,10,,Aggregated,5.000000,2.900000,5,7,9,10,14,15,18,20,61,61,61,509,317,5,6.95823109041168,2.108257000145386,61.23873599972285,65.32220039292731
1780907158,10,,Aggregated,5.000000,2.900000,5,7,9,10,13,15,18,20,61,61,61,511,318,5,6.949674111586544,2.108257000145386,61.23873599972285,65.32093933463797
1780907159,10,,Aggregated,5.000000,2.800000,5,7,9,10,13,15,18,20,61,61,61,515,320,5,6.938895714603895,2.108257000145386,61.23873599972285,65.31844660194174
1780907160,10,,Aggregated,4.900000,2.900000,5,7,9,10,13,15,18,20,61,61,61,519,322,5,6.928427431637002,2.108257000145386,61.23873599972285,65.3159922928709
1780907161,10,,Aggregated,5.000000,2.900000,5,7,9,10,13,15,18,20,61,61,61,522,324,5,6.927497371681715,2.108257000145386,61.23873599972285,65.48275862068965
1780907162,10,,Aggregated,5.000000,2.800000,5,7,9,10,13,15,18,20,61,61,61,530,328,5,6.912514958526546,2.108257000145386,61.23873599972285,65.95094339622642
1780907163,10,,Aggregated,5.000000,2.800000,5,7,9,10,13,15,18,20,61,61,61,532,330,5,6.928137197406558,2.108257000145386,61.23873599972285,65.80451127819549
1780907164,10,,Aggregated,4.800000,2.600000,5,7,9,10,13,15,18,20,61,61,61,533,330,5,6.9241958536975625,2.108257000145386,61.23873599972285,65.87429643527204
1780907165,10,,Aggregated,5.100000,2.600000,5,7,9,10,13,15,18,20,61,61,61,537,334,5,6.909178078250576,2.108257000145386,61.23873599972285,65.58472998137803
1780907166,10,,Aggregated,4.900000,2.600000,5,7,9,10,13,15,18,20,61,61,61,540,335,5,6.90773257225643,2.108257000145386,61.23873599972285,65.65185185185184
1780907167,10,,Aggregated,4.000000,2.200000,5,7,9,10,13,15,18,20,61,61,61,547,340,5,6.892208610640444,2.108257000145386,61.23873599972285,65.6654478976234
1780907168,10,,Aggregated,3.700000,2.400000,5,7,9,10,13,15,18,20,61,61,61,549,341,5,6.900786599307618,2.108257000145386,61.23873599972285,65.66302367941712
1780907169,10,,Aggregated,3.700000,2.300000,5,7,9,10,13,15,17,20,61,61,61,554,343,5,6.8865668141134,2.108257000145386,61.23873599972285,65.72563176895306
1780907170,10,,Aggregated,4.000000,2.500000,5,7,9,10,13,15,17,20,61,61,61,559,345,5,6.882463361391391,2.108257000145386,61.23873599972285,65.7871198568873
1780907171,10,,Aggregated,3.900000,2.300000,5,7,9,10,13,15,17,20,61,61,61,563,346,5,6.880022138573244,2.108257000145386,61.23873599972285,66.14031971580818
1780907172,10,,Aggregated,3.900000,2.300000,5,7,9,10,13,15,18,20,61,61,61,566,347,5,6.912163461162019,2.108257000145386,61.23873599972285,66.20141342756183
1780907173,10,,Aggregated,4.000000,2.300000,5,7,9,10,13,15,18,20,61,61,61,571,351,5,6.896823789870508,2.108257000145386,61.23873599972285,65.99124343257444
1780907174,10,,Aggregated,3.800000,2.000000,5,7,9,10,13,15,18,20,61,61,61,574,354,5,6.906925083650611,2.108257000145386,61.23873599972285,65.78745644599303
1780907175,10,,Aggregated,3.800000,2.000000,5,7,9,10,13,15,18,20,61,61,61,577,356,5,6.903358091880761,2.108257000145386,61.23873599972285,65.71750433275564
1780907176,10,,Aggregated,3.900000,2.200000,5,7,9,10,13,15,18,20,61,61,61,583,360,5,6.91937077532845,2.108257000145386,61.23873599972285,65.7958833619211
1780907177,10,,Aggregated,3.900000,2.200000,5,7,9,10,13,15,18,20,61,61,61,588,363,5,6.891785663294261,2.108257000145386,61.23873599972285,65.72448979591837
1780907178,10,,Aggregated,4.000000,2.200000,5,7,9,10,13,15,18,20,61,61,61,591,365,5,6.887976280911312,2.108257000145386,61.23873599972285,65.6565143824027
1780907179,10,,Aggregated,4.100000,2.300000,5,7,9,10,14,15,18,20,61,61,61,598,370,5,6.917840280972774,2.108257000145386,61.23873599972285,65.45819397993311
1780907180,10,,Aggregated,4.100000,2.300000,5,7,9,10,14,15,18,20,61,61,61,598,370,5,6.917840280972774,2.108257000145386,61.23873599972285,65.45819397993311
1780907181,10,,Aggregated,4.200000,2.500000,5,7,9,10,13,15,18,19,61,61,61,605,373,5,6.909825752112482,2.108257000145386,61.23873599972285,65.72396694214876
1780907182,10,,Aggregated,3.900000,2.500000,5,7,9,10,13,15,18,19,61,61,61,608,375,5,6.923608861888241,2.108257000145386,61.23873599972285,65.65789473684211
1780907180,10,,Aggregated,4.200000,2.400000,5,7,9,10,13,15,18,19,61,61,61,612,376,5,6.911429937957235,2.108257000145386,61.23873599972285,65.77777777777777
1780907181,10,,Aggregated,4.200000,2.500000,5,7,9,10,13,15,18,19,61,61,61,616,379,5,6.904232477316847,2.108257000145386,61.23873599972285,65.64935064935065
1780907182,10,,Aggregated,3.900000,2.500000,5,7,9,10,13,15,18,20,61,61,61,619,381,5,6.939837778719796,2.108257000145386,61.23873599972285,65.78836833602585
1780907183,10,,Aggregated,4.700000,2.800000,5,7,9,10,13,15,18,20,61,61,61,621,383,5,6.93134902258758,2.108257000145386,61.23873599972285,66.06924315619968
1780907184,10,,Aggregated,4.800000,3.200000,5,8,9,10,13,15,18,20,61,61,61,626,387,5,6.951527006434664,2.108257000145386,61.23873599972285,66.07987220447285
1780907185,10,,Aggregated,4.700000,3.000000,5,8,9,10,13,15,18,20,61,61,61,633,390,5,6.941855775713444,2.108257000145386,61.23873599972285,66.12796208530806
1780907186,10,,Aggregated,5.100000,3.300000,5,8,9,10,13,15,18,20,61,61,61,634,391,5,6.944196427485114,2.108257000145386,61.23873599972285,66.06624605678233
1780907187,10,,Aggregated,5.000000,3.100000,5,8,9,10,14,15,18,20,61,61,61,639,394,5,6.982164768430632,2.108257000145386,61.23873599972285,66.19561815336463
1780907188,10,,Aggregated,5.100000,3.000000,5,8,9,10,13,15,18,20,61,61,61,644,394,5,6.969566568366882,2.108257000145386,61.23873599972285,66.48136645962732
1780907189,10,,Aggregated,4.700000,2.900000,5,8,9,10,13,15,18,20,61,61,61,649,397,5,6.944718690336172,2.108257000145386,61.23873599972285,66.41140215716487
1780907190,10,,Aggregated,4.800000,2.900000,5,8,9,10,13,15,18,20,61,61,61,652,398,5,6.944270403414939,2.108257000145386,61.23873599972285,66.65644171779141
1780907191,10,,Aggregated,4.800000,2.600000,5,8,9,10,13,15,18,20,61,61,61,658,400,5,6.97728982831241,2.108257000145386,61.23873599972285,66.75683890577507
1780907192,10,,Aggregated,5.100000,2.700000,5,8,9,10,13,15,18,20,61,61,61,660,400,5,6.975775992470352,2.108257000145386,61.23873599972285,66.86666666666666
1780907193,10,,Aggregated,4.400000,2.400000,5,8,9,10,13,15,18,20,61,61,61,662,402,5,6.969284853519727,2.108257000145386,61.23873599972285,66.93655589123867
1780907194,10,,Aggregated,4.500000,2.100000,5,8,9,10,13,15,18,20,61,61,61,667,404,5,6.974109103489961,2.108257000145386,61.23873599972285,66.97901049475263
1780907195,10,,Aggregated,4.200000,1.900000,5,8,9,10,13,15,18,20,61,61,61,672,407,5,6.957048090812567,2.108257000145386,61.23873599972285,66.9077380952381
1780907196,10,,Aggregated,3.900000,1.700000,5,8,9,10,13,15,18,20,61,61,61,676,411,5,6.959065130211768,2.108257000145386,61.23873599972285,66.67159763313609
1780907197,10,,Aggregated,4.000000,1.700000,5,8,9,10,13,15,18,20,61,61,61,682,415,5,6.942905457507712,2.108257000145386,61.23873599972285,66.54545454545455
1780907198,10,,Aggregated,4.000000,1.800000,5,7,9,10,13,15,18,20,61,61,61,683,416,5,6.940393726236963,2.108257000145386,61.23873599972285,66.48755490483163
1780907199,10,,Aggregated,4.100000,1.900000,5,7,9,10,13,15,18,20,61,61,61,688,418,5,6.921798007296761,2.108257000145386,61.23873599972285,66.53197674418605
1780907200,10,,Aggregated,4.300000,2.100000,5,7,9,10,13,15,18,20,61,61,61,692,418,5,6.9045923222844285,2.108257000145386,61.23873599972285,66.74277456647398
1780907201,10,,Aggregated,3.900000,2.200000,5,7,9,10,13,15,18,20,61,61,61,694,419,5,6.900541925101777,2.108257000145386,61.23873599972285,66.73775216138328
1780907202,10,,Aggregated,4.100000,2.100000,5,7,9,10,13,15,18,20,61,61,61,700,422,5,6.8841829800268375,2.108257000145386,61.23873599972285,66.72285714285714
